Workbook

Sheet Activity Data
A1: ADMINISTRATIVE ACTIVITY DATA
A3: Month | B3: Documents Processed | C3: Emails Handled | D3: Meetings Scheduled | E3: Records Filed | F3: Customer Enquiries | G3: Tasks Completed
A4: June | B4: 185 | C4: 340 | D4: 28 | E4: 150 | F4: 95 | G4: 42
A5: July | B5: 220 | C5: 410 | D5: 35 | E5: 190 | F5: 87 | G5: 51
A6: August | B6: 245 | C6: 455 | D6: 39 | E6: 215 | F6: 82 | G6: 58

Sheet Monthly Summary
A1: MONTHLY ADMINISTRATIVE PERFORMANCE SUMMARY
A3: Month | B3: Documents Processed | C3: Emails Handled | D3: Meetings Scheduled | E3: Records Filed | F3: Customer Enquiries | G3: Tasks Completed | I3: Key Metric | J3: Value
A4: ='Activity Data'!A4 | B4: ='Activity Data'!B4 | C4: ='Activity Data'!C4 | D4: ='Activity Data'!D4 | E4: ='Activity Data'!E4 | F4: ='Activity Data'!F4 | G4: ='Activity Data'!G4 | I4: Total Documents Processed | J4: =SUM(B4:B6)
A5: ='Activity Data'!A5 | B5: ='Activity Data'!B5 | C5: ='Activity Data'!C5 | D5: ='Activity Data'!D5 | E5: ='Activity Data'!E5 | F5: ='Activity Data'!F5 | G5: ='Activity Data'!G5 | I5: Total Emails Handled | J5: =SUM(C4:C6)
A6: ='Activity Data'!A6 | B6: ='Activity Data'!B6 | C6: ='Activity Data'!C6 | D6: ='Activity Data'!D6 | E6: ='Activity Data'!E6 | F6: ='Activity Data'!F6 | G6: ='Activity Data'!G6 | I6: Total Meetings Scheduled | J6: =SUM(D4:D6)
I7: Total Records Filed | J7: =SUM(E4:E6)
I8: Total Customer Enquiries | J8: =SUM(F4:F6)
I9: Total Tasks Completed | J9: =SUM(G4:G6)

Sheet Dashboard
A1: ADMINISTRATIVE REPORTING DASHBOARD
A2: Fictional sample data for portfolio demonstration
A4: Total Documents | D4: Total Emails | G4: Total Meetings
A5: =SUM('Activity Data'!B4:B6) | D5: =SUM('Activity Data'!C4:C6) | G5: =SUM('Activity Data'!D4:D6)
A8: Total Records Filed | D8: Total Enquiries | G8: Total Tasks Completed
A9: =SUM('Activity Data'!E4:E6) | D9: =SUM('Activity Data'!F4:F6) | G9: =SUM('Activity Data'!G4:G6)

Sheet Project Notes
A1: PROJECT NOTES
A3: Purpose | B3: Demonstrates how administrative activity data can be organized, summarized, and presented for management reporting and decision support.
A4: Data Source | B4: All figures are fictional sample data created specifically for portfolio demonstration purposes.
A5: Tools Demonstrated | B5: Microsoft Excel, formulas, structured tables, filtering, charts, KPI summaries, and dashboard design.
A6: Administrative Skills | B6: Administrative reporting, data organization, performance tracking, data analysis, records coordination, and clear presentation of operational information.
A7: Portfolio Value | B7: Shows the ability to turn routine administrative records into a clear management-friendly report.
